Workbook

Sheet 1st Week
A1: Date | B1: 46204
B2: Names | C2: Amount Taken | D2: Alone plus Awar Lone Amount Gotten | E2: Grade 1 ( Aphyu Lone) Gotten | F2: Rotten | G2: Total Amount Gotten | H2: Percent % | I2: Price Rates | J2: Change From Previous Day | K2: Payroll Amount | L2: Amount Paid | M2: Change for Next Day
B3: Khin Thet Cho | C3: 8.5 | D3: 6.35 | E3: 5.56 | F3: 0.3 | G3: =C3-F3 -> 8.2 | H3: =D3/G3 -> 0.77439024 | J3: 147.5 | K3: =(G3*I3)+J3 -> 147.5 | L3: -520 | M3: =K3-L3 -> 667.5
A4: 1.07 | B4: Nu Nu Win | C4: 11.1 | D4: 8.7 | E4: 7.95 | F4: 0.36 | G4: =C4-F4 -> 10.74 | H4: =D4/G4 -> 0.81005587 | I4: 3000 | J4: 49134 | K4: =(G4*I4)+J4 -> 81354 | M4: =K4-L4 -> 81354
A5: 0.96 | B5: Mi Tayy | C5: 7.4 | D5: 5.95 | E5: 5.35 | F5: 0.15 | G5: =C5-F5 -> 7.25 | H5: =D5/G5 -> 0.82068966 | I5: 3000 | J5: 35953 | K5: =(G5*I5)+J5 -> 57703 | M5: =K5-L5 -> 57703
A6: 0.865 | B6: Kaung Khant | C6: 8.05 | D6: 6.35 | E6: 5.56 | F6: 0.3 | G6: =C6-F6 -> 7.75 | H6: =D6/G6 -> 0.81935484 | I6: 3000 | J6: 470 | K6: =(G6*I6)+J6 -> 23720 | L6: 23000 | M6: =K6-L6 -> 720
A7: 0.885 | B7: Than Cho | G7: =C7-F7 -> 0 | H7: =D7/G7 -> #DIV/0! | J7: 81 | K7: =(G7*I7)+J7 -> 81 | M7: =K7-L7 -> 81
B8: Thel Thel | C8: 14.5 | D8: 10.78 | E8: 9.68 | F8: 0.44 | G8: =C8-F8 -> 14.06 | H8: =D8/G8 -> 0.76671408 | I8: 3000 | J8: 38 | K8: =(G8*I8)+J8 -> 42218 | L8: 42000 | M8: =K8-L8 -> 218 | N8: 15
A9: 0.85 | B9: War War Tun | G9: =C9-F9 -> 0 | H9: =D9/G9 -> #DIV/0! | J9: 360 | K9: =(G9*I9)+J9 -> 360 | M9: =K9-L9 -> 360
A10: 0.93 | B10: Ma Ni Sander | G10: =C10-F10 -> 0 | H10: =D10/G10 -> #DIV/0! | J10: -275 | K10: =(G10*I10)+J10 -> -275 | M10: =K10-L10 -> -275
A11: 0.96 | B11: Khin May Sann | C11: 6.1 | D11: 4.85 | E11: 4.1 | F11: 0.1 | G11: =C11-F11 -> 6 | H11: =D11/G11 -> 0.80833333 | I11: 3000 | J11: 447 | K11: =(G11*I11)+J11 -> 18447 | L11: 18000 | M11: =K11-L11 -> 447
A12: 0.815 | B12: Naing Naing Win | G12: =C12-F12 -> 0 | H12: =D12/G12 -> #DIV/0! | J12: 649 | K12: =(G12*I12)+J12 -> 649 | M12: =K12-L12 -> 649
G13: =C13-F13 -> 0 | H13: =D13/G13 -> #DIV/0! | J13: 0 | K13: =(G13*I13)+J13 -> 0 | M13: =K13-L13 -> 0
G14: =C14-F14 -> 0 | H14: =D14/G14 -> #DIV/0! | J14: 0 | K14: =(G14*I14)+J14 -> 0 | M14: =K14-L14 -> 0
G15: =C15-F15 -> 0 | H15: =D15/G15 -> #DIV/0! | J15: 0 | K15: =(G15*I15)+J15 -> 0 | M15: =K15-L15 -> 0
G16: =C16-F16 -> 0 | H16: =D16/G16 -> #DIV/0! | J16: 0 | K16: =(G16*I16)+J16 -> 0 | M16: =K16-L16 -> 0
G17: =C17-F17 -> 0 | H17: =D17/G17 -> #DIV/0! | J17: 0 | K17: =(G17*I17)+J17 -> 0 | M17: =K17-L17 -> 0
B18: Khin Win | G18: =C18-F18 -> 0 | H18: =D18/G18 -> #DIV/0! | J18: 140350 | K18: =(G18*I18)+J18 -> 140350 | M18: =K18-L18 -> 140350
A19: Temporary | G19: =C19-F19 -> 0 | H19: =D19/G19 -> #DIV/0! | J19: 0 | K19: =(G19*I19)+J19 -> 0 | M19: =K19-L19 -> 0
D20: Total | E20: =SUM(E3:E19) -> 38.2 | K20: Total Paid | L20: =SUM(L3:L19) -> 82480
A21: Date | B21: 46205
B22: Names | C22: Amount Taken | D22: Alone plus Awar Lone Amount Gotten | E22: Grade 1 ( Aphyu Lone) Gotten | F22: Rotten | G22: Total Amount Gotten | H22: Percent % | I22: Price Rates | J22: Change From Previous Day | K22: Payroll Amount | L22: Amount Paid | M22: Change for Next Day
B23: Khin Thet Cho | C23: 8.1 | D23: 6.25 | E23: 5.8 | F23: 0.15 | G23: =C23-F23 -> 7.95 | H23: =D23/G23 -> 0.78616352 | I23: 3000 | J23: =M3 -> 667.5 | K23: =(G23*I23)+J23 -> 24517.5 | L23: 24000 | M23: =K23-L23 -> 517.5
A24: 1.07 | B24: Nu Nu Win | C24: 9.8 | D24: 7.65 | E24: 6.95 | F24: 0.2 | G24: =C24-F24 -> 9.6 | H24: =D24/G24 -> 0.796875 | I24: 3000 | J24: =M4 -> 81354 | K24: =(G24*I24)+J24 -> 110154 | M24: =K24-L24 -> 110154
A25: 0.96 | B25: Mi Tayy | C25: 7.55 | D25: 5.9 | E25: 5.5 | F25: 0.15 | G25: =C25-F25 -> 7.4 | H25: =D25/G25 -> 0.7972973 | I25: 3000 | J25: =M5 -> 57703 | K25: =(G25*I25)+J25 -> 79903 | M25: =K25-L25 -> 79903
A26: 0.865 | B26: Kaung Khant | G26: =C26-F26 -> 0 | H26: =D26/G26 -> #DIV/0! | J26: =M6 -> 720 | K26: =(G26*I26)+J26 -> 720 | M26: =K26-L26 -> 720
A27: 0.885 | B27: Than Cho | G27: =C27-F27 -> 0 | H27: =D27/G27 -> #DIV/0! | J27: =M7 -> 81 | K27: =(G27*I27)+J27 -> 81 | M27: =K27-L27 -> 81
B28: Thel Thel | G28: =C28-F28 -> 0 | H28: =D28/G28 -> #DIV/0! | J28: =M8 -> 218 | K28: =(G28*I28)+J28 -> 218 | M28: =K28-L28 -> 218
A29: 0.85 | B29: War War Tun | G29: =C29-F29 -> 0 | H29: =D29/G29 -> #DIV/0! | J29: =M9 -> 360 | K29: =(G29*I29)+J29 -> 360 | M29: =K29-L29 -> 360
A30: 0.93 | B30: Ma Ni Sander | G30: =C30-F30 -> 0 | H30: =D30/G30 -> #DIV/0! | J30: =M10 -> -275 | K30: =(G30*I30)+J30 -> -275 | M30: =K30-L30 -> -275
A31: 0.96 | B31: Khin May Sann | C31: 6.5 | D31: 5 | E31: 4.3 | F31: 0.15 | G31: =C31-F31 -> 6.35 | H31: =D31/G31 -> 0.78740157 | I31: 3000 | J31: =M11 -> 447 | K31: =(G31*I31)+J31 -> 19497 | L31: 19000 | M31: =K31-L31 -> 497
A32: 0.815 | B32: Naing Naing Win | G32: =C32-F32 -> 0 | H32: =D32/G32 -> #DIV/0! | J32: =M12 -> 649 | K32: =(G32*I32)+J32 -> 649 | M32: =K32-L32 -> 649
G33: =C33-F33 -> 0 | H33: =D33/G33 -> #DIV/0! | J33: =M13 -> 0 | K33: =(G33*I33)+J33 -> 0 | M33: =K33-L33 -> 0
G34: =C34-F34 -> 0 | H34: =D34/G34 -> #DIV/0! | J34: =M14 -> 0 | K34: =(G34*I34)+J34 -> 0 | M34: =K34-L34 -> 0
G35: =C35-F35 -> 0 | H35: =D35/G35 -> #DIV/0! | J35: =M15 -> 0 | K35: =(G35*I35)+J35 -> 0 | M35: =K35-L35 -> 0
G36: =C36-F36 -> 0 | H36: =D36/G36 -> #DIV/0! | J36: =M16 -> 0 | K36: =(G36*I36)+J36 -> 0 | M36: =K36-L36 -> 0
G37: =C37-F37 -> 0 | H37: =D37/G37 -> #DIV/0! | J37: =M17 -> 0 | K37: =(G37*I37)+J37 -> 0 | M37: =K37-L37 -> 0
B38: Khin Win | G38: =C38-F38 -> 0 | H38: =D38/G38 -> #DIV/0! | J38: =M18 -> 140350 | K38: =(G38*I38)+J38 -> 140350 | M38: =K38-L38 -> 140350
A39: Temporary | G39: =C39-F39 -> 0 | H39: =D39/G39 -> #DIV/0! | J39: =M19 -> 0 | K39: =(G39*I39)+J39 -> 0 | M39: =K39-L39 -> 0
D40: Total | E40: =SUM(E23:E39) -> 22.55 | K40: Total Paid | L40: =SUM(L23:L39) -> 43000
A41: Date | B41: 46206
B42: Names | C42: Amount Taken | D42: Alone plus Awar Lone Amount Gotten | E42: Grade 1 ( Aphyu Lone) Gotten | F42: Rotten | G42: Total Amount Gotten | H42: Percent % | I42: Price Rates | J42: Change From Previous Day | K42: Payroll Amount | L42: Amount Paid | M42: Change for Next Day
B43: Khin Thet Cho | C43: 7.7 | D43: 6.1 | E43: 5.55 | F43: 0.2 | G43: =C43-F43 -> 7.5 | H43: =D43/G43 -> 0.81333333 | I43: 3000 | J43: =M23 -> 517.5 | K43: =(G43*I43)+J43 -> 23017.5 | L43: 23000 | M43: =K43-L43 -> 17.5
A44: 1.07 | B44: Nu Nu Win | C44: 8.4 | D44: 6.88 | E44: 6.4 | F44: 0.2 | G44: =C44-F44 -> 8.2 | H44: =D44/G44 -> 0.83902439 | I44: 3000 | J44: =M24 -> 110154 | K44: =(G44*I44)+J44 -> 134754 | M44: =K44-L44 -> 134754
A45: 0.96 | B45: Mi Tayy | C45: 7.25 | D45: 5.85 | E45: 5.45 | F45: 0.2 | G45: =C45-F45 -> 7.05 | H45: =D45/G45 -> 0.82978723 | I45: 3000 | J45: =M25 -> 79903 | K45: =(G45*I45)+J45 -> 101053 | M45: =K45-L45 -> 101053
A46: 0.865 | B46: Kaung Khant | G46: =C46-F46 -> 0 | H46: =D46/G46 -> #DIV/0! | J46: =M26 -> 720 | K46: =(G46*I46)+J46 -> 720 | M46: =K46-L46 -> 720
A47: 0.885 | B47: Than Cho | G47: =C47-F47 -> 0 | H47: =D47/G47 -> #DIV/0! | J47: =M27 -> 81 | K47: =(G47*I47)+J47 -> 81 | M47: =K47-L47 -> 81
B48: Thel Thel | C48: 15 | D48: 11.34 | E48: 10.66 | F48: 0.26 | G48: =C48-F48 -> 14.74 | H48: =D48/G48 -> 0.76933514 | I48: 3000 | J48: =M28 -> 218 | K48: =(G48*I48)+J48 -> 44438 | L48: 45000 | M48: =K48-L48 -> -562 | N48: 16
A49: 0.85 | B49: War War Tun | G49: =C49-F49 -> 0 | H49: =D49/G49 -> #DIV/0! | J49: =M29 -> 360 | K49: =(G49*I49)+J49 -> 360 | M49: =K49-L49 -> 360
A50: 0.93 | B50: Ma Ni Sander | G50: =C50-F50 -> 0 | H50: =D50/G50 -> #DIV/0! | J50: =M30 -> -275 | K50: =(G50*I50)+J50 -> -275 | M50: =K50-L50 -> -275
A51: 0.96 | B51: Khin May Sann | C51: 5.6 | D51: 4.45 | E51: 4.1 | F51: 0.13 | G51: =C51-F51 -> 5.47 | H51: =D51/G51 -> 0.81352834 | I51: 3000 | J51: =M31 -> 497 | K51: =(G51*I51)+J51 -> 16907 | L51: 17000 | M51: =K51-L51 -> -93
A52: 0.815 | B52: Naing Naing Win | G52: =C52-F52 -> 0 | H52: =D52/G52 -> #DIV/0! | J52: =M32 -> 649 | K52: =(G52*I52)+J52 -> 649 | M52: =K52-L52 -> 649
G53: =C53-F53 -> 0 | H53: =D53/G53 -> #DIV/0! | J53: =M33 -> 0 | K53: =(G53*I53)+J53 -> 0 | M53: =K53-L53 -> 0
G54: =C54-F54 -> 0 | H54: =D54/G54 -> #DIV/0! | J54: =M34 -> 0 | K54: =(G54*I54)+J54 -> 0 | M54: =K54-L54 -> 0
G55: =C55-F55 -> 0 | H55: =D55/G55 -> #DIV/0! | J55: =M35 -> 0 | K55: =(G55*I55)+J55 -> 0 | M55: =K55-L55 -> 0
G56: =C56-F56 -> 0 | H56: =D56/G56 -> #DIV/0! | J56: =M36 -> 0 | K56: =(G56*I56)+J56 -> 0 | M56: =K56-L56 -> 0
G57: =C57-F57 -> 0 | H57: =D57/G57 -> #DIV/0! | J57: =M37 -> 0 | K57: =(G57*I57)+J57 -> 0 | M57: =K57-L57 -> 0
B58: Khin Win | C58: 27 | D58: 21.35 | E58: 18.65 | F58: 0.8 | G58: =C58-F58 -> 26.2 | H58: =D58/G58 -> 0.8148855 | I58: 3000 | J58: =M38 -> 140350 | K58: =(G58*I58)+J58 -> 218950 | M58: =K58-L58 -> 218950 | N58: 27
A59: Temporary | G59: =C59-F59 -> 0 | H59: =D59/G59 -> #DIV/0! | J59: =M39 -> 0 | K59: =(G59*I59)+J59 -> 0 | M59: =K59-L59 -> 0
D60: Total | E60: =SUM(E43:E59) -> 50.81 | K60: Total Paid | L60: =SUM(L43:L59) -> 85000
A61: Date | B61: 46207
B62: Names | C62: Amount Taken | D62: Alone plus Awar Lone Amount Gotten | E62: Grade 1 ( Aphyu Lone) Gotten | F62: Rotten | G62: Total Amount Gotten | H62: Percent % | I62: Price Rates | J62: Change From Previous Day | K62: Payroll Amount | L62: Amount Paid | M62: Change for Next Day
B63: Khin Thet Cho | C63: 7.65 | D63: 6 | E63: 5.56 | F63: 0.1 | G63: =C63-F63 -> 7.55 | H63: =D63/G63 -> 0.79470199 | I63: 3000 | J63: =M43 -> 17.5 | K63: =(G63*I63)+J63 -> 22667.5 | L63: 23000 | M63: =K63-L63 -> -332.5
A64: 1.07 | B64: Nu Nu Win | C64: 8.1 | D64: 6.5 | E64: 5.9 | F64: 0.14 | G64: =C64-F64 -> 7.96 | H64: =D64/G64 -> 0.81658291 | I64: 3000 | J64: =M44 -> 134754 | K64: =(G64*I64)+J64 -> 158634 | L64: 158000 | M64: =K64-L64 -> 634
A65: 0.96 | B65: Mi Tayy | C65: 6.75 | D65: 5.35 | E65: 4.9 | F65: 0.15 | G65: =C65-F65 -> 6.6 | H65: =D65/G65 -> 0.81060606 | I65: 3000 | J65: =M45 -> 101053 | K65: =(G65*I65)+J65 -> 120853 | L65: 120000 | M65: =K65-L65 -> 853
A66: 0.865 | B66: Kaung Khant | G66: =C66-F66 -> 0 | H66: =D66/G66 -> #DIV/0! | J66: =M46 -> 720 | K66: =(G66*I66)+J66 -> 720 | M66: =K66-L66 -> 720
A67: 0.885 | B67: Than Cho | G67: =C67-F67 -> 0 | H67: =D67/G67 -> #DIV/0! | J67: =M47 -> 81 | K67: =(G67*I67)+J67 -> 81 | M67: =K67-L67 -> 81
B68: Thel Thel | G68: =C68-F68 -> 0 | H68: =D68/G68 -> #DIV/0! | J68: =M48 -> -562 | K68: =(G68*I68)+J68 -> -562 | M68: =K68-L68 -> -562
A69: 0.85 | B69: War War Tun | G69: =C69-F69 -> 0 | H69: =D69/G69 -> #DIV/0! | J69: =M49 -> 360 | K69: =(G69*I69)+J69 -> 360 | M69: =K69-L69 -> 360
A70: 0.93 | B70: Ma Ni Sander | G70: =C70-F70 -> 0 | H70: =D70/G70 -> #DIV/0! | J70: =M50 -> -275 | K70: =(G70*I70)+J70 -> -275 | M70: =K70-L70 -> -275
A71: 0.96 | B71: Khin May Sann | C71: 5.6 | D71: 4.55 | E71: 4.15 | F71: 0.1 | G71: =C71-F71 -> 5.5 | H71: =D71/G71 -> 0.82727273 | I71: 3000 | J71: =M51 -> -93 | K71: =(G71*I71)+J71 -> 16407 | L71: 17000 | M71: =K71-L71 -> -593
A72: 0.815 | B72: Naing Naing Win | G72: =C72-F72 -> 0 | H72: =D72/G72 -> #DIV/0! | J72: =M52 -> 649 | K72: =(G72*I72)+J72 -> 649 | M72: =K72-L72 -> 649
G73: =C73-F73 -> 0 | H73: =D73/G73 -> #DIV/0! | J73: =M53 -> 0 | K73: =(G73*I73)+J73 -> 0 | M73: =K73-L73 -> 0
G74: =C74-F74 -> 0 | H74: =D74/G74 -> #DIV/0! | J74: =M54 -> 0 | K74: =(G74*I74)+J74 -> 0 | M74: =K74-L74 -> 0
G75: =C75-F75 -> 0 | H75: =D75/G75 -> #DIV/0! | J75: =M55 -> 0 | K75: =(G75*I75)+J75 -> 0 | M75: =K75-L75 -> 0
G76: =C76-F76 -> 0 | H76: =D76/G76 -> #DIV/0! | J76: =M56 -> 0 | K76: =(G76*I76)+J76 -> 0 | M76: =K76-L76 -> 0
G77: =C77-F77 -> 0 | H77: =D77/G77 -> #DIV/0! | J77: =M57 -> 0 | K77: =(G77*I77)+J77 -> 0 | M77: =K77-L77 -> 0
B78: Khin Win | G78: =C78-F78 -> 0 | H78: =D78/G78 -> #DIV/0! | J78: =M58 -> 218950 | K78: =(G78*I78)+J78 -> 218950 | M78: =K78-L78 -> 218950
A79: Temporary | G79: =C79-F79 -> 0 | H79: =D79/G79 -> #DIV/0! | J79: =M59 -> 0 | K79: =(G79*I79)+J79 -> 0 | M79: =K79-L79 -> 0
D80: Total | E80: =SUM(E63:E79) -> 20.51 | K80: Total Paid | L80: =SUM(L63:L79) -> 318000
A81: Date | B81: 46208
B82: Names | C82: Amount Taken | D82: Alone plus Awar Lone Amount Gotten | E82: Grade 1 ( Aphyu Lone) Gotten | F82: Rotten | G82: Total Amount Gotten | H82: Percent % | I82: Price Rates | J82: Change From Previous Day | K82: Payroll Amount | L82: Amount Paid | M82: Change for Next Day
B83: Khin Thet Cho | C83: 7.7 | D83: 6 | E83: 5.5 | F83: 0.15 | G83: =C83-F83 -> 7.55 | H83: =D83/G83 -> 0.79470199 | I83: 3000 | J83: =M63 -> -332.5 | K83: =(G83*I83)+J83 -> 22317.5 | M83: =K83-L83 -> 22317.5
A84: 1.07 | B84: Nu Nu Win | C84: 7.5 | D84: 6 | E84: 5.5 | F84: 0.1 | G84: =C84-F84 -> 7.4 | H84: =D84/G84 -> 0.81081081 | I84: 3000 | J84: =M64 -> 634 | K84: =(G84*I84)+J84 -> 22834 | M84: =K84-L84 -> 22834
A85: 0.96 | B85: Mi Tayy | C85: 6.9 | D85: 5.4 | E85: 5.05 | F85: 0.15 | G85: =C85-F85 -> 6.75 | H85: =D85/G85 -> 0.8 | I85: 3000 | J85: =M65 -> 853 | K85: =(G85*I85)+J85 -> 21103 | M85: =K85-L85 -> 21103
A86: 0.865 | B86: Kaung Khant | G86: =C86-F86 -> 0 | H86: =D86/G86 -> #DIV/0! | J86: =M66 -> 720 | K86: =(G86*I86)+J86 -> 720 | M86: =K86-L86 -> 720
A87: 0.885 | B87: Than Cho | G87: =C87-F87 -> 0 | H87: =D87/G87 -> #DIV/0! | J87: =M67 -> 81 | K87: =(G87*I87)+J87 -> 81 | M87: =K87-L87 -> 81
B88: Thel Thel | C88: 16 | D88: 12 | E88: 11.15 | F88: 0.25 | G88: =C88-F88 -> 15.75 | H88: =D88/G88 -> 0.76190476 | I88: 3000 | J88: =M68 -> -562 | K88: =(G88*I88)+J88 -> 46688 | M88: =K88-L88 -> 46688
A89: 0.85 | B89: War War Tun | G89: =C89-F89 -> 0 | H89: =D89/G89 -> #DIV/0! | J89: =M69 -> 360 | K89: =(G89*I89)+J89 -> 360 | M89: =K89-L89 -> 360
A90: 0.93 | B90: Ma Ni Sander | G90: =C90-F90 -> 0 | H90: =D90/G90 -> #DIV/0! | J90: =M70 -> -275 | K90: =(G90*I90)+J90 -> -275 | M90: =K90-L90 -> -275
A91: 0.96 | B91: Khin May Sann | C91: 6.1 | D91: 4.8 | E91: 4 | F91: 0.15 | G91: =C91-F91 -> 5.95 | H91: =D91/G91 -> 0.80672269 | I91: 3000 | J91: =M71 -> -593 | K91: =(G91*I91)+J91 -> 17257 | M91: =K91-L91 -> 17257
A92: 0.815 | B92: Naing Naing Win | G92: =C92-F92 -> 0 | H92: =D92/G92 -> #DIV/0! | J92: =M72 -> 649 | K92: =(G92*I92)+J92 -> 649 | M92: =K92-L92 -> 649
G93: =C93-F93 -> 0 | H93: =D93/G93 -> #DIV/0! | J93: =M73 -> 0 | K93: =(G93*I93)+J93 -> 0 | M93: =K93-L93 -> 0
G94: =C94-F94 -> 0 | H94: =D94/G94 -> #DIV/0! | J94: =M74 -> 0 | K94: =(G94*I94)+J94 -> 0 | M94: =K94-L94 -> 0
G95: =C95-F95 -> 0 | H95: =D95/G95 -> #DIV/0! | J95: =M75 -> 0 | K95: =(G95*I95)+J95 -> 0 | M95: =K95-L95 -> 0
G96: =C96-F96 -> 0 | H96: =D96/G96 -> #DIV/0! | J96: =M76 -> 0 | K96: =(G96*I96)+J96 -> 0 | M96: =K96-L96 -> 0
G97: =C97-F97 -> 0 | H97: =D97/G97 -> #DIV/0! | J97: =M77 -> 0 | K97: =(G97*I97)+J97 -> 0 | M97: =K97-L97 -> 0
B98: Khin Win | G98: =C98-F98 -> 0 | H98: =D98/G98 -> #DIV/0! | J98: =M78 -> 218950 | K98: =(G98*I98)+J98 -> 218950 | M98: =K98-L98 -> 218950
A99: Temporary | G99: =C99-F99 -> 0 | H99: =D99/G99 -> #DIV/0! | J99: =M79 -> 0 | K99: =(G99*I99)+J99 -> 0 | M99: =K99-L99 -> 0
D100: Total | E100: =SUM(E83:E99) -> 31.2 | K100: Total Paid | L100: =SUM(L83:L99) -> 0
...

Sheet 2nd Week
A1: Date | B1: 46210
B2: Names | C2: Amount Taken | D2: Alone plus Awar Lone Amount Gotten | E2: Grade 1 ( Aphyu Lone) Gotten | F2: Rotten | G2: Total Amount Gotten | H2: Percent % | I2: Price Rates | J2: Change From Previous Day | K2: Payroll Amount | L2: Amount Paid | M2: Change for Next Day
B3: Khin Thet Cho | C3: 7.4 | D3: 5.95 | E3: 5.35 | F3: 0.15 | G3: =C3-F3 -> 7.25 | H3: =D3/G3 -> 0.82068966 | I3: 3000 | J3: ='1st Week'!M103 -> -32.5 | K3: =(G3*I3)+J3 -> 21717.5 | L3: 22000 | M3: =K3-L3 -> -282.5
A4: 1.07 | B4: Nu Nu Win | C4: 8.9 | D4: 7.1 | E4: 6.65 | F4: 0.15 | G4: =C4-F4 -> 8.75 | H4: =D4/G4 -> 0.81142857 | I4: 3000 | J4: ='1st Week'!M104 -> 41584 | K4: =(G4*I4)+J4 -> 67834 | M4: =K4-L4 -> 67834
A5: 0.96 | B5: Mi Tayy | C5: 6.5 | D5: 5.3 | E5: 5 | F5: 0.15 | G5: =C5-F5 -> 6.35 | H5: =D5/G5 -> 0.83464567 | I5: 3000 | J5: ='1st Week'!M105 -> 37153 | K5: =(G5*I5)+J5 -> 56203 | M5: =K5-L5 -> 56203
A6: 0.865 | B6: Kaung Khant | G6: =C6-F6 -> 0 | H6: =D6/G6 -> #DIV/0! | J6: ='1st Week'!M106 -> 720 | K6: =(G6*I6)+J6 -> 720 | M6: =K6-L6 -> 720
A7: 0.885 | B7: Than Cho | G7: =C7-F7 -> 0 | H7: =D7/G7 -> #DIV/0! | J7: ='1st Week'!M107 -> 81 | K7: =(G7*I7)+J7 -> 81 | M7: =K7-L7 -> 81
B8: Thel Thel | G8: =C8-F8 -> 0 | H8: =D8/G8 -> #DIV/0! | J8: ='1st Week'!M108 -> -312 | K8: =(G8*I8)+J8 -> -312 | M8: =K8-L8 -> -312
A9: 0.85 | B9: War War Tun | G9: =C9-F9 -> 0 | H9: =D9/G9 -> #DIV/0! | J9: ='1st Week'!M109 -> 360 | K9: =(G9*I9)+J9 -> 360 | M9: =K9-L9 -> 360
A10: 0.93 | B10: Ma Ni Sander | G10: =C10-F10 -> 0 | H10: =D10/G10 -> #DIV/0! | J10: ='1st Week'!M110 -> -275 | K10: =(G10*I10)+J10 -> -275 | M10: =K10-L10 -> -275
A11: 0.96 | B11: Khin May Sann | C11: 5.6 | D11: 4.5 | E11: 4.02 | F11: 0.15 | G11: =C11-F11 -> 5.45 | H11: =D11/G11 -> 0.82568807 | I11: 3000 | J11: ='1st Week'!M111 -> 17257 | K11: =(G11*I11)+J11 -> 33607 | L11: 34000 | M11: =K11-L11 -> -393
A12: 0.815 | B12: Naing Naing Win | G12: =C12-F12 -> 0 | H12: =D12/G12 -> #DIV/0! | J12: ='1st Week'!M112 -> 649 | K12: =(G12*I12)+J12 -> 649 | M12: =K12-L12 -> 649
G13: =C13-F13 -> 0 | H13: =D13/G13 -> #DIV/0! | J13: ='1st Week'!M113 -> 0 | K13: =(G13*I13)+J13 -> 0 | M13: =K13-L13 -> 0
G14: =C14-F14 -> 0 | H14: =D14/G14 -> #DIV/0! | J14: ='1st Week'!M114 -> 0 | K14: =(G14*I14)+J14 -> 0 | M14: =K14-L14 -> 0
G15: =C15-F15 -> 0 | H15: =D15/G15 -> #DIV/0! | J15: ='1st Week'!M115 -> 0 | K15: =(G15*I15)+J15 -> 0 | M15: =K15-L15 -> 0
G16: =C16-F16 -> 0 | H16: =D16/G16 -> #DIV/0! | J16: ='1st Week'!M116 -> 0 | K16: =(G16*I16)+J16 -> 0 | M16: =K16-L16 -> 0
G17: =C17-F17 -> 0 | H17: =D17/G17 -> #DIV/0! | J17: ='1st Week'!M117 -> 0 | K17: =(G17*I17)+J17 -> 0 | M17: =K17-L17 -> 0
B18: Khin Win | G18: =C18-F18 -> 0 | H18: =D18/G18 -> #DIV/0! | J18: ='1st Week'!M118 -> 218950 | K18: =(G18*I18)+J18 -> 218950 | L18: 218000 | M18: =K18-L18 -> 950
A19: Temporary | G19: =C19-F19 -> 0 | H19: =D19/G19 -> #DIV/0! | J19: ='1st Week'!M119 -> 0 | K19: =(G19*I19)+J19 -> 0 | M19: =K19-L19 -> 0
D20: Total | E20: =SUM(E3:E19) -> 21.02 | K20: Total Paid | L20: =SUM(L3:L19) -> 274000
A21: Date | B21: 46211
B22: Names | C22: Amount Taken | D22: Alone plus Awar Lone Amount Gotten | E22: Grade 1 ( Aphyu Lone) Gotten | F22: Rotten | G22: Total Amount Gotten | H22: Percent % | I22: Price Rates | J22: Change From Previous Day | K22: Payroll Amount | L22: Amount Paid | M22: Change for Next Day
B23: Khin Thet Cho | C23: 7.25 | D23: 5.8 | E23: 5.35 | F23: 0.1 | G23: =C23-F23 -> 7.15 | H23: =D23/G23 -> 0.81118881 | I23: 3000 | J23: =M3 -> -282.5 | K23: =(G23*I23)+J23 -> 21167.5 | L23: 21000 | M23: =K23-L23 -> 167.5
A24: 1.07 | B24: Nu Nu Win | C24: 6.7 | D24: 5.45 | E24: 5.04 | F24: 0.15 | G24: =C24-F24 -> 6.55 | H24: =D24/G24 -> 0.83206107 | J24: =M4 -> 67834 | K24: =(G24*I24)+J24 -> 67834 | M24: =K24-L24 -> 67834
A25: 0.96 | B25: Mi Tayy | C25: 6.5 | D25: 5.35 | E25: 4.9 | F25: 0.15 | G25: =C25-F25 -> 6.35 | H25: =D25/G25 -> 0.84251968 | J25: =M5 -> 56203 | K25: =(G25*I25)+J25 -> 56203 | M25: =K25-L25 -> 56203
A26: 0.865 | B26: Kaung Khant | G26: =C26-F26 -> 0 | H26: =D26/G26 -> #DIV/0! | J26: =M6 -> 720 | K26: =(G26*I26)+J26 -> 720 | M26: =K26-L26 -> 720
A27: 0.885 | B27: Than Cho | G27: =C27-F27 -> 0 | H27: =D27/G27 -> #DIV/0! | J27: =M7 -> 81 | K27: =(G27*I27)+J27 -> 81 | M27: =K27-L27 -> 81
B28: Thel Thel | C28: 18 | D28: 13.64 | E28: 12.44 | F28: 0.34 | G28: =C28-F28 -> 17.66 | H28: =D28/G28 -> 0.77236693 | I28: 3000 | J28: =M8 -> -312 | K28: =(G28*I28)+J28 -> 52668 | L28: 52000 | M28: =K28-L28 -> 668 | N28: 20
A29: 0.85 | B29: War War Tun | G29: =C29-F29 -> 0 | H29: =D29/G29 -> #DIV/0! | J29: =M9 -> 360 | K29: =(G29*I29)+J29 -> 360 | M29: =K29-L29 -> 360
A30: 0.93 | B30: Ma Ni Sander | G30: =C30-F30 -> 0 | H30: =D30/G30 -> #DIV/0! | J30: =M10 -> -275 | K30: =(G30*I30)+J30 -> -275 | M30: =K30-L30 -> -275
A31: 0.96 | B31: Khin May Sann | C31: 6 | D31: 4.9 | E31: 4.5 | F31: 0.15 | G31: =C31-F31 -> 5.85 | H31: =D31/G31 -> 0.83760684 | I31: 3000 | J31: =M11 -> -393 | K31: =(G31*I31)+J31 -> 17157 | L31: 17000 | M31: =K31-L31 -> 157
A32: 0.815 | B32: Naing Naing Win | G32: =C32-F32 -> 0 | H32: =D32/G32 -> #DIV/0! | J32: =M12 -> 649 | K32: =(G32*I32)+J32 -> 649 | M32: =K32-L32 -> 649
G33: =C33-F33 -> 0 | H33: =D33/G33 -> #DIV/0! | J33: =M13 -> 0 | K33: =(G33*I33)+J33 -> 0 | M33: =K33-L33 -> 0
G34: =C34-F34 -> 0 | H34: =D34/G34 -> #DIV/0! | J34: =M14 -> 0 | K34: =(G34*I34)+J34 -> 0 | M34: =K34-L34 -> 0
G35: =C35-F35 -> 0 | H35: =D35/G35 -> #DIV/0! | J35: =M15 -> 0 | K35: =(G35*I35)+J35 -> 0 | M35: =K35-L35 -> 0
G36: =C36-F36 -> 0 | H36: =D36/G36 -> #DIV/0! | J36: =M16 -> 0 | K36: =(G36*I36)+J36 -> 0 | M36: =K36-L36 -> 0
G37: =C37-F37 -> 0 | H37: =D37/G37 -> #DIV/0! | J37: =M17 -> 0 | K37: =(G37*I37)+J37 -> 0 | M37: =K37-L37 -> 0
B38: Khin Win | C38: 27 | D38: 21.7 | E38: 19.5 | F38: 0.45 | G38: =C38-F38 -> 26.55 | H38: =D38/G38 -> 0.8173258 | I38: 3000 | J38: =M18 -> 950 | K38: =(G38*I38)+J38 -> 80600 | M38: =K38-L38 -> 80600 | N38: 27 | O38: alone
A39: Temporary | G39: =C39-F39 -> 0 | H39: =D39/G39 -> #DIV/0! | J39: =M19 -> 0 | K39: =(G39*I39)+J39 -> 0 | M39: =K39-L39 -> 0
D40: Total | E40: =SUM(E23:E39) -> 51.73 | K40: Total Paid | L40: =SUM(L23:L39) -> 90000
A41: Date | B41: 46212
B42: Names | C42: Amount Taken | D42: Alone plus Awar Lone Amount Gotten | E42: Grade 1 ( Aphyu Lone) Gotten | F42: Rotten | G42: Total Amount Gotten | H42: Percent % | I42: Price Rates | J42: Change From Previous Day | K42: Payroll Amount | L42: Amount Paid | M42: Change for Next Day
B43: Khin Thet Cho | C43: 7.55 | D43: 6.05 | E43: 5.5 | F43: 0.15 | G43: =C43-F43 -> 7.4 | H43: =D43/G43 -> 0.81756757 | I43: 3000 | J43: =M23 -> 167.5 | K43: =(G43*I43)+J43 -> 22367.5 | L43: 22000 | M43: =K43-L43 -> 367.5
A44: 1.07 | B44: Nu Nu Win | C44: 6.1 | D44: 5.04 | E44: 4.52 | F44: 0.15 | G44: =C44-F44 -> 5.95 | H44: =D44/G44 -> 0.84705882 | I44: 3000 | J44: =M24 -> 67834 | K44: =(G44*I44)+J44 -> 85684 | M44: =K44-L44 -> 85684
A45: 0.96 | B45: Mi Tayy | C45: 5.5 | D45: 4.5 | E45: 4.02 | F45: 0.15 | G45: =C45-F45 -> 5.35 | H45: =D45/G45 -> 0.8411215 | I45: 3000 | J45: =M25 -> 56203 | K45: =(G45*I45)+J45 -> 72253 | M45: =K45-L45 -> 72253
A46: 0.865 | B46: Kaung Khant | G46: =C46-F46 -> 0 | H46: =D46/G46 -> #DIV/0! | J46: =M26 -> 720 | K46: =(G46*I46)+J46 -> 720 | M46: =K46-L46 -> 720
A47: 0.885 | B47: Than Cho | G47: =C47-F47 -> 0 | H47: =D47/G47 -> #DIV/0! | J47: =M27 -> 81 | K47: =(G47*I47)+J47 -> 81 | M47: =K47-L47 -> 81
B48: Thel Thel | G48: =C48-F48 -> 0 | H48: =D48/G48 -> #DIV/0! | J48: =M28 -> 668 | K48: =(G48*I48)+J48 -> 668 | M48: =K48-L48 -> 668
A49: 0.85 | B49: War War Tun | G49: =C49-F49 -> 0 | H49: =D49/G49 -> #DIV/0! | J49: =M29 -> 360 | K49: =(G49*I49)+J49 -> 360 | M49: =K49-L49 -> 360
A50: 0.93 | B50: Ma Ni Sander | G50: =C50-F50 -> 0 | H50: =D50/G50 -> #DIV/0! | J50: =M30 -> -275 | K50: =(G50*I50)+J50 -> -275 | M50: =K50-L50 -> -275
A51: 0.96 | B51: Khin May Sann | C51: 6.1 | D51: 4.95 | E51: 4.45 | F51: 0.15 | G51: =C51-F51 -> 5.95 | H51: =D51/G51 -> 0.83193277 | I51: 3000 | J51: =M31 -> 157 | K51: =(G51*I51)+J51 -> 18007 | L51: 18000 | M51: =K51-L51 -> 7
A52: 0.815 | B52: Naing Naing Win | G52: =C52-F52 -> 0 | H52: =D52/G52 -> #DIV/0! | J52: =M32 -> 649 | K52: =(G52*I52)+J52 -> 649 | M52: =K52-L52 -> 649
G53: =C53-F53 -> 0 | H53: =D53/G53 -> #DIV/0! | J53: =M33 -> 0 | K53: =(G53*I53)+J53 -> 0 | M53: =K53-L53 -> 0
G54: =C54-F54 -> 0 | H54: =D54/G54 -> #DIV/0! | J54: =M34 -> 0 | K54: =(G54*I54)+J54 -> 0 | M54: =K54-L54 -> 0
G55: =C55-F55 -> 0 | H55: =D55/G55 -> #DIV/0! | J55: =M35 -> 0 | K55: =(G55*I55)+J55 -> 0 | M55: =K55-L55 -> 0
G56: =C56-F56 -> 0 | H56: =D56/G56 -> #DIV/0! | J56: =M36 -> 0 | K56: =(G56*I56)+J56 -> 0 | M56: =K56-L56 -> 0
G57: =C57-F57 -> 0 | H57: =D57/G57 -> #DIV/0! | J57: =M37 -> 0 | K57: =(G57*I57)+J57 -> 0 | M57: =K57-L57 -> 0
B58: Khin Win | G58: =C58-F58 -> 0 | H58: =D58/G58 -> #DIV/0! | J58: =M38 -> 80600 | K58: =(G58*I58)+J58 -> 80600 | M58: =K58-L58 -> 80600
A59: Temporary | G59: =C59-F59 -> 0 | H59: =D59/G59 -> #DIV/0! | J59: =M39 -> 0 | K59: =(G59*I59)+J59 -> 0 | M59: =K59-L59 -> 0
D60: Total | E60: =SUM(E43:E59) -> 18.49 | K60: Total Paid | L60: =SUM(L43:L59) -> 40000
A61: Date
B62: Names | C62: Amount Taken | D62: Alone plus Awar Lone Amount Gotten | E62: Grade 1 ( Aphyu Lone) Gotten | F62: Rotten | G62: Total Amount Gotten | H62: Percent % | I62: Price Rates | J62: Change From Previous Day | K62: Payroll Amount | L62: Amount Paid | M62: Change for Next Day
B63: Khin Thet Cho | G63: =C63-F63 -> 0 | H63: =D63/G63 -> #DIV/0! | J63: =M43 -> 367.5 | K63: =(G63*I63)+J63 -> 367.5 | M63: =K63-L63 -> 367.5
A64: 1.07 | B64: Nu Nu Win | G64: =C64-F64 -> 0 | H64: =D64/G64 -> #DIV/0! | J64: =M44 -> 85684 | K64: =(G64*I64)+J64 -> 85684 | M64: =K64-L64 -> 85684
A65: 0.96 | B65: Mi Tayy | G65: =C65-F65 -> 0 | H65: =D65/G65 -> #DIV/0! | J65: =M45 -> 72253 | K65: =(G65*I65)+J65 -> 72253 | M65: =K65-L65 -> 72253
A66: 0.865 | B66: Kaung Khant | G66: =C66-F66 -> 0 | H66: =D66/G66 -> #DIV/0! | J66: =M46 -> 720 | K66: =(G66*I66)+J66 -> 720 | M66: =K66-L66 -> 720
A67: 0.885 | B67: Than Cho | G67: =C67-F67 -> 0 | H67: =D67/G67 -> #DIV/0! | J67: =M47 -> 81 | K67: =(G67*I67)+J67 -> 81 | M67: =K67-L67 -> 81
B68: Thel Thel | G68: =C68-F68 -> 0 | H68: =D68/G68 -> #DIV/0! | J68: =M48 -> 668 | K68: =(G68*I68)+J68 -> 668 | M68: =K68-L68 -> 668
A69: 0.85 | B69: War War Tun | G69: =C69-F69 -> 0 | H69: =D69/G69 -> #DIV/0! | J69: =M49 -> 360 | K69: =(G69*I69)+J69 -> 360 | M69: =K69-L69 -> 360
A70: 0.93 | B70: Ma Ni Sander | G70: =C70-F70 -> 0 | H70: =D70/G70 -> #DIV/0! | J70: =M50 -> -275 | K70: =(G70*I70)+J70 -> -275 | M70: =K70-L70 -> -275
A71: 0.96 | B71: Khin May Sann | G71: =C71-F71 -> 0 | H71: =D71/G71 -> #DIV/0! | J71: =M51 -> 7 | K71: =(G71*I71)+J71 -> 7 | M71: =K71-L71 -> 7
A72: 0.815 | B72: Naing Naing Win | G72: =C72-F72 -> 0 | H72: =D72/G72 -> #DIV/0! | J72: =M52 -> 649 | K72: =(G72*I72)+J72 -> 649 | M72: =K72-L72 -> 649
G73: =C73-F73 -> 0 | H73: =D73/G73 -> #DIV/0! | J73: =M53 -> 0 | K73: =(G73*I73)+J73 -> 0 | M73: =K73-L73 -> 0
G74: =C74-F74 -> 0 | H74: =D74/G74 -> #DIV/0! | J74: =M54 -> 0 | K74: =(G74*I74)+J74 -> 0 | M74: =K74-L74 -> 0
G75: =C75-F75 -> 0 | H75: =D75/G75 -> #DIV/0! | J75: =M55 -> 0 | K75: =(G75*I75)+J75 -> 0 | M75: =K75-L75 -> 0
G76: =C76-F76 -> 0 | H76: =D76/G76 -> #DIV/0! | J76: =M56 -> 0 | K76: =(G76*I76)+J76 -> 0 | M76: =K76-L76 -> 0
G77: =C77-F77 -> 0 | H77: =D77/G77 -> #DIV/0! | J77: =M57 -> 0 | K77: =(G77*I77)+J77 -> 0 | M77: =K77-L77 -> 0
B78: Khin Win | G78: =C78-F78 -> 0 | H78: =D78/G78 -> #DIV/0! | J78: =M58 -> 80600 | K78: =(G78*I78)+J78 -> 80600 | M78: =K78-L78 -> 80600
A79: Temporary | G79: =C79-F79 -> 0 | H79: =D79/G79 -> #DIV/0! | J79: =M59 -> 0 | K79: =(G79*I79)+J79 -> 0 | M79: =K79-L79 -> 0
D80: Total | E80: =SUM(E63:E79) -> 0 | K80: Total Paid | L80: =SUM(L63:L79) -> 0
A81: Date
B82: Names | C82: Amount Taken | D82: Alone plus Awar Lone Amount Gotten | E82: Grade 1 ( Aphyu Lone) Gotten | F82: Rotten | G82: Total Amount Gotten | H82: Percent % | I82: Price Rates | J82: Change From Previous Day | K82: Payroll Amount | L82: Amount Paid | M82: Change for Next Day
B83: Khin Thet Cho | G83: =C83-F83 -> 0 | H83: =D83/G83 -> #DIV/0! | J83: =M63 -> 367.5 | K83: =(G83*I83)+J83 -> 367.5 | M83: =K83-L83 -> 367.5
A84: 1.07 | B84: Nu Nu Win | G84: =C84-F84 -> 0 | H84: =D84/G84 -> #DIV/0! | J84: =M64 -> 85684 | K84: =(G84*I84)+J84 -> 85684 | M84: =K84-L84 -> 85684
A85: 0.96 | B85: Mi Tayy | G85: =C85-F85 -> 0 | H85: =D85/G85 -> #DIV/0! | J85: =M65 -> 72253 | K85: =(G85*I85)+J85 -> 72253 | M85: =K85-L85 -> 72253
A86: 0.865 | B86: Kaung Khant | G86: =C86-F86 -> 0 | H86: =D86/G86 -> #DIV/0! | J86: =M66 -> 720 | K86: =(G86*I86)+J86 -> 720 | M86: =K86-L86 -> 720
A87: 0.885 | B87: Than Cho | G87: =C87-F87 -> 0 | H87: =D87/G87 -> #DIV/0! | J87: =M67 -> 81 | K87: =(G87*I87)+J87 -> 81 | M87: =K87-L87 -> 81
B88: Thel Thel | G88: =C88-F88 -> 0 | H88: =D88/G88 -> #DIV/0! | J88: =M68 -> 668 | K88: =(G88*I88)+J88 -> 668 | M88: =K88-L88 -> 668
A89: 0.85 | B89: War War Tun | G89: =C89-F89 -> 0 | H89: =D89/G89 -> #DIV/0! | J89: =M69 -> 360 | K89: =(G89*I89)+J89 -> 360 | M89: =K89-L89 -> 360
A90: 0.93 | B90: Ma Ni Sander | G90: =C90-F90 -> 0 | H90: =D90/G90 -> #DIV/0! | J90: =M70 -> -275 | K90: =(G90*I90)+J90 -> -275 | M90: =K90-L90 -> -275
A91: 0.96 | B91: Khin May Sann | G91: =C91-F91 -> 0 | H91: =D91/G91 -> #DIV/0! | J91: =M71 -> 7 | K91: =(G91*I91)+J91 -> 7 | M91: =K91-L91 -> 7
A92: 0.815 | B92: Naing Naing Win | G92: =C92-F92 -> 0 | H92: =D92/G92 -> #DIV/0! | J92: =M72 -> 649 | K92: =(G92*I92)+J92 -> 649 | M92: =K92-L92 -> 649
G93: =C93-F93 -> 0 | H93: =D93/G93 -> #DIV/0! | J93: =M73 -> 0 | K93: =(G93*I93)+J93 -> 0 | M93: =K93-L93 -> 0
G94: =C94-F94 -> 0 | H94: =D94/G94 -> #DIV/0! | J94: =M74 -> 0 | K94: =(G94*I94)+J94 -> 0 | M94: =K94-L94 -> 0
G95: =C95-F95 -> 0 | H95: =D95/G95 -> #DIV/0! | J95: =M75 -> 0 | K95: =(G95*I95)+J95 -> 0 | M95: =K95-L95 -> 0
G96: =C96-F96 -> 0 | H96: =D96/G96 -> #DIV/0! | J96: =M76 -> 0 | K96: =(G96*I96)+J96 -> 0 | M96: =K96-L96 -> 0
G97: =C97-F97 -> 0 | H97: =D97/G97 -> #DIV/0! | J97: =M77 -> 0 | K97: =(G97*I97)+J97 -> 0 | M97: =K97-L97 -> 0
B98: Khin Win | G98: =C98-F98 -> 0 | H98: =D98/G98 -> #DIV/0! | J98: =M78 -> 80600 | K98: =(G98*I98)+J98 -> 80600 | M98: =K98-L98 -> 80600
A99: Temporary | G99: =C99-F99 -> 0 | H99: =D99/G99 -> #DIV/0! | J99: =M79 -> 0 | K99: =(G99*I99)+J99 -> 0 | M99: =K99-L99 -> 0
D100: Total | E100: =SUM(E83:E99) -> 0 | K100: Total Paid | L100: =SUM(L83:L99) -> 0
...

Sheet 3rd Week
A1: Date
B2: Names | C2: Amount Taken | D2: Alone plus Awar Lone Amount Gotten | E2: Grade 1 ( Aphyu Lone) Gotten | F2: Rotten | G2: Total Amount Gotten | H2: Percent % | I2: Price Rates | J2: Change From Previous Day | K2: Payroll Amount | L2: Amount Paid | M2: Change for Next Day
B3: Khin Thet Cho | G3: =C3-F3 -> 0 | H3: =D3/G3 -> #DIV/0! | J3: ='2nd Week'!M123 -> 367.5 | K3: =(G3*I3)+J3 -> 367.5 | M3: =K3-L3 -> 367.5
A4: 1.07 | B4: Nu Nu Win | G4: =C4-F4 -> 0 | H4: =D4/G4 -> #DIV/0! | J4: ='2nd Week'!M124 -> 85684 | K4: =(G4*I4)+J4 -> 85684 | M4: =K4-L4 -> 85684
A5: 0.96 | B5: Mi Tayy | G5: =C5-F5 -> 0 | H5: =D5/G5 -> #DIV/0! | J5: ='2nd Week'!M125 -> 72253 | K5: =(G5*I5)+J5 -> 72253 | M5: =K5-L5 -> 72253
A6: 0.865 | B6: Kaung Khant | G6: =C6-F6 -> 0 | H6: =D6/G6 -> #DIV/0! | J6: ='2nd Week'!M126 -> 720 | K6: =(G6*I6)+J6 -> 720 | M6: =K6-L6 -> 720
A7: 0.885 | B7: Than Cho | G7: =C7-F7 -> 0 | H7: =D7/G7 -> #DIV/0! | J7: ='2nd Week'!M127 -> 81 | K7: =(G7*I7)+J7 -> 81 | M7: =K7-L7 -> 81
B8: Thel Thel | G8: =C8-F8 -> 0 | H8: =D8/G8 -> #DIV/0! | J8: ='2nd Week'!M128 -> 668 | K8: =(G8*I8)+J8 -> 668 | M8: =K8-L8 -> 668
A9: 0.85 | B9: War War Tun | G9: =C9-F9 -> 0 | H9: =D9/G9 -> #DIV/0! | J9: ='2nd Week'!M129 -> 360 | K9: =(G9*I9)+J9 -> 360 | M9: =K9-L9 -> 360
A10: 0.93 | B10: Ma Ni Sander | G10: =C10-F10 -> 0 | H10: =D10/G10 -> #DIV/0! | J10: ='2nd Week'!M130 -> -275 | K10: =(G10*I10)+J10 -> -275 | M10: =K10-L10 -> -275
A11: 0.96 | B11: Khin May Sann | G11: =C11-F11 -> 0 | H11: =D11/G11 -> #DIV/0! | J11: ='2nd Week'!M131 -> 7 | K11: =(G11*I11)+J11 -> 7 | M11: =K11-L11 -> 7
A12: 0.815 | B12: Naing Naing Win | G12: =C12-F12 -> 0 | H12: =D12/G12 -> #DIV/0! | J12: ='2nd Week'!M132 -> 649 | K12: =(G12*I12)+J12 -> 649 | M12: =K12-L12 -> 649
G13: =C13-F13 -> 0 | H13: =D13/G13 -> #DIV/0! | J13: ='2nd Week'!M133 -> 0 | K13: =(G13*I13)+J13 -> 0 | M13: =K13-L13 -> 0
G14: =C14-F14 -> 0 | H14: =D14/G14 -> #DIV/0! | J14: ='2nd Week'!M134 -> 0 | K14: =(G14*I14)+J14 -> 0 | M14: =K14-L14 -> 0
G15: =C15-F15 -> 0 | H15: =D15/G15 -> #DIV/0! | J15: ='2nd Week'!M135 -> 0 | K15: =(G15*I15)+J15 -> 0 | M15: =K15-L15 -> 0
G16: =C16-F16 -> 0 | H16: =D16/G16 -> #DIV/0! | J16: ='2nd Week'!M136 -> 0 | K16: =(G16*I16)+J16 -> 0 | M16: =K16-L16 -> 0
G17: =C17-F17 -> 0 | H17: =D17/G17 -> #DIV/0! | J17: ='2nd Week'!M137 -> 0 | K17: =(G17*I17)+J17 -> 0 | M17: =K17-L17 -> 0
B18: Khin Win | G18: =C18-F18 -> 0 | H18: =D18/G18 -> #DIV/0! | J18: ='2nd Week'!M138 -> 80600 | K18: =(G18*I18)+J18 -> 80600 | M18: =K18-L18 -> 80600
A19: Temporary | G19: =C19-F19 -> 0 | H19: =D19/G19 -> #DIV/0! | J19: ='2nd Week'!M139 -> 0 | K19: =(G19*I19)+J19 -> 0 | M19: =K19-L19 -> 0
D20: Total | E20: =SUM(E3:E19) -> 0 | K20: Total Paid | L20: =SUM(L3:L19) -> 0
A21: Date
B22: Names | C22: Amount Taken | D22: Alone plus Awar Lone Amount Gotten | E22: Grade 1 ( Aphyu Lone) Gotten | F22: Rotten | G22: Total Amount Gotten | H22: Percent % | I22: Price Rates | J22: Change From Previous Day | K22: Payroll Amount | L22: Amount Paid | M22: Change for Next Day
B23: Khin Thet Cho | G23: =C23-F23 -> 0 | H23: =D23/G23 -> #DIV/0! | J23: =M3 -> 367.5 | K23: =(G23*I23)+J23 -> 367.5 | M23: =K23-L23 -> 367.5
A24: 1.07 | B24: Nu Nu Win | G24: =C24-F24 -> 0 | H24: =D24/G24 -> #DIV/0! | J24: =M4 -> 85684 | K24: =(G24*I24)+J24 -> 85684 | M24: =K24-L24 -> 85684
A25: 0.96 | B25: Mi Tayy | G25: =C25-F25 -> 0 | H25: =D25/G25 -> #DIV/0! | J25: =M5 -> 72253 | K25: =(G25*I25)+J25 -> 72253 | M25: =K25-L25 -> 72253
A26: 0.865 | B26: Kaung Khant | G26: =C26-F26 -> 0 | H26: =D26/G26 -> #DIV/0! | J26: =M6 -> 720 | K26: =(G26*I26)+J26 -> 720 | M26: =K26-L26 -> 720
A27: 0.885 | B27: Than Cho | G27: =C27-F27 -> 0 | H27: =D27/G27 -> #DIV/0! | J27: =M7 -> 81 | K27: =(G27*I27)+J27 -> 81 | M27: =K27-L27 -> 81
B28: Thel Thel | G28: =C28-F28 -> 0 | H28: =D28/G28 -> #DIV/0! | J28: =M8 -> 668 | K28: =(G28*I28)+J28 -> 668 | M28: =K28-L28 -> 668
A29: 0.85 | B29: War War Tun | G29: =C29-F29 -> 0 | H29: =D29/G29 -> #DIV/0! | J29: =M9 -> 360 | K29: =(G29*I29)+J29 -> 360 | M29: =K29-L29 -> 360
A30: 0.93 | B30: Ma Ni Sander | G30: =C30-F30 -> 0 | H30: =D30/G30 -> #DIV/0! | J30: =M10 -> -275 | K30: =(G30*I30)+J30 -> -275 | M30: =K30-L30 -> -275
A31: 0.96 | B31: Khin May Sann | G31: =C31-F31 -> 0 | H31: =D31/G31 -> #DIV/0! | J31: =M11 -> 7 | K31: =(G31*I31)+J31 -> 7 | M31: =K31-L31 -> 7
A32: 0.815 | B32: Naing Naing Win | G32: =C32-F32 -> 0 | H32: =D32/G32 -> #DIV/0! | J32: =M12 -> 649 | K32: =(G32*I32)+J32 -> 649 | M32: =K32-L32 -> 649
G33: =C33-F33 -> 0 | H33: =D33/G33 -> #DIV/0! | J33: =M13 -> 0 | K33: =(G33*I33)+J33 -> 0 | M33: =K33-L33 -> 0
G34: =C34-F34 -> 0 | H34: =D34/G34 -> #DIV/0! | J34: =M14 -> 0 | K34: =(G34*I34)+J34 -> 0 | M34: =K34-L34 -> 0
G35: =C35-F35 -> 0 | H35: =D35/G35 -> #DIV/0! | J35: =M15 -> 0 | K35: =(G35*I35)+J35 -> 0 | M35: =K35-L35 -> 0
G36: =C36-F36 -> 0 | H36: =D36/G36 -> #DIV/0! | J36: =M16 -> 0 | K36: =(G36*I36)+J36 -> 0 | M36: =K36-L36 -> 0
G37: =C37-F37 -> 0 | H37: =D37/G37 -> #DIV/0! | J37: =M17 -> 0 | K37: =(G37*I37)+J37 -> 0 | M37: =K37-L37 -> 0
B38: Khin Win | G38: =C38-F38 -> 0 | H38: =D38/G38 -> #DIV/0! | J38: =M18 -> 80600 | K38: =(G38*I38)+J38 -> 80600 | M38: =K38-L38 -> 80600
A39: Temporary | G39: =C39-F39 -> 0 | H39: =D39/G39 -> #DIV/0! | J39: =M19 -> 0 | K39: =(G39*I39)+J39 -> 0 | M39: =K39-L39 -> 0
D40: Total | E40: =SUM(E23:E39) -> 0 | K40: Total Paid | L40: =SUM(L23:L39) -> 0
A41: Date
B42: Names | C42: Amount Taken | D42: Alone plus Awar Lone Amount Gotten | E42: Grade 1 ( Aphyu Lone) Gotten | F42: Rotten | G42: Total Amount Gotten | H42: Percent % | I42: Price Rates | J42: Change From Previous Day | K42: Payroll Amount | L42: Amount Paid | M42: Change for Next Day
B43: Khin Thet Cho | G43: =C43-F43 -> 0 | H43: =D43/G43 -> #DIV/0! | J43: =M23 -> 367.5 | K43: =(G43*I43)+J43 -> 367.5 | M43: =K43-L43 -> 367.5
A44: 1.07 | B44: Nu Nu Win | G44: =C44-F44 -> 0 | H44: =D44/G44 -> #DIV/0! | J44: =M24 -> 85684 | K44: =(G44*I44)+J44 -> 85684 | M44: =K44-L44 -> 85684
A45: 0.96 | B45: Mi Tayy | G45: =C45-F45 -> 0 | H45: =D45/G45 -> #DIV/0! | J45: =M25 -> 72253 | K45: =(G45*I45)+J45 -> 72253 | M45: =K45-L45 -> 72253
A46: 0.865 | B46: Kaung Khant | G46: =C46-F46 -> 0 | H46: =D46/G46 -> #DIV/0! | J46: =M26 -> 720 | K46: =(G46*I46)+J46 -> 720 | M46: =K46-L46 -> 720
A47: 0.885 | B47: Than Cho | G47: =C47-F47 -> 0 | H47: =D47/G47 -> #DIV/0! | J47: =M27 -> 81 | K47: =(G47*I47)+J47 -> 81 | M47: =K47-L47 -> 81
B48: Thel Thel | G48: =C48-F48 -> 0 | H48: =D48/G48 -> #DIV/0! | J48: =M28 -> 668 | K48: =(G48*I48)+J48 -> 668 | M48: =K48-L48 -> 668
A49: 0.85 | B49: War War Tun | G49: =C49-F49 -> 0 | H49: =D49/G49 -> #DIV/0! | J49: =M29 -> 360 | K49: =(G49*I49)+J49 -> 360 | M49: =K49-L49 -> 360
A50: 0.93 | B50: Ma Ni Sander | G50: =C50-F50 -> 0 | H50: =D50/G50 -> #DIV/0! | J50: =M30 -> -275 | K50: =(G50*I50)+J50 -> -275 | M50: =K50-L50 -> -275
A51: 0.96 | B51: Khin May Sann | G51: =C51-F51 -> 0 | H51: =D51/G51 -> #DIV/0! | J51: =M31 -> 7 | K51: =(G51*I51)+J51 -> 7 | M51: =K51-L51 -> 7
A52: 0.815 | B52: Naing Naing Win | G52: =C52-F52 -> 0 | H52: =D52/G52 -> #DIV/0! | J52: =M32 -> 649 | K52: =(G52*I52)+J52 -> 649 | M52: =K52-L52 -> 649
G53: =C53-F53 -> 0 | H53: =D53/G53 -> #DIV/0! | J53: =M33 -> 0 | K53: =(G53*I53)+J53 -> 0 | M53: =K53-L53 -> 0
G54: =C54-F54 -> 0 | H54: =D54/G54 -> #DIV/0! | J54: =M34 -> 0 | K54: =(G54*I54)+J54 -> 0 | M54: =K54-L54 -> 0
G55: =C55-F55 -> 0 | H55: =D55/G55 -> #DIV/0! | J55: =M35 -> 0 | K55: =(G55*I55)+J55 -> 0 | M55: =K55-L55 -> 0
G56: =C56-F56 -> 0 | H56: =D56/G56 -> #DIV/0! | J56: =M36 -> 0 | K56: =(G56*I56)+J56 -> 0 | M56: =K56-L56 -> 0
G57: =C57-F57 -> 0 | H57: =D57/G57 -> #DIV/0! | J57: =M37 -> 0 | K57: =(G57*I57)+J57 -> 0 | M57: =K57-L57 -> 0
B58: Khin Win | G58: =C58-F58 -> 0 | H58: =D58/G58 -> #DIV/0! | J58: =M38 -> 80600 | K58: =(G58*I58)+J58 -> 80600 | M58: =K58-L58 -> 80600
A59: Temporary | G59: =C59-F59 -> 0 | H59: =D59/G59 -> #DIV/0! | J59: =M39 -> 0 | K59: =(G59*I59)+J59 -> 0 | M59: =K59-L59 -> 0
D60: Total | E60: =SUM(E43:E59) -> 0 | K60: Total Paid | L60: =SUM(L43:L59) -> 0
A61: Date
B62: Names | C62: Amount Taken | D62: Alone plus Awar Lone Amount Gotten | E62: Grade 1 ( Aphyu Lone) Gotten | F62: Rotten | G62: Total Amount Gotten | H62: Percent % | I62: Price Rates | J62: Change From Previous Day | K62: Payroll Amount | L62: Amount Paid | M62: Change for Next Day
B63: Khin Thet Cho | G63: =C63-F63 -> 0 | H63: =D63/G63 -> #DIV/0! | J63: =M43 -> 367.5 | K63: =(G63*I63)+J63 -> 367.5 | M63: =K63-L63 -> 367.5
A64: 1.07 | B64: Nu Nu Win | G64: =C64-F64 -> 0 | H64: =D64/G64 -> #DIV/0! | J64: =M44 -> 85684 | K64: =(G64*I64)+J64 -> 85684 | M64: =K64-L64 -> 85684
A65: 0.96 | B65: Mi Tayy | G65: =C65-F65 -> 0 | H65: =D65/G65 -> #DIV/0! | J65: =M45 -> 72253 | K65: =(G65*I65)+J65 -> 72253 | M65: =K65-L65 -> 72253
A66: 0.865 | B66: Kaung Khant | G66: =C66-F66 -> 0 | H66: =D66/G66 -> #DIV/0! | J66: =M46 -> 720 | K66: =(G66*I66)+J66 -> 720 | M66: =K66-L66 -> 720
A67: 0.885 | B67: Than Cho | G67: =C67-F67 -> 0 | H67: =D67/G67 -> #DIV/0! | J67: =M47 -> 81 | K67: =(G67*I67)+J67 -> 81 | M67: =K67-L67 -> 81
B68: Thel Thel | G68: =C68-F68 -> 0 | H68: =D68/G68 -> #DIV/0! | J68: =M48 -> 668 | K68: =(G68*I68)+J68 -> 668 | M68: =K68-L68 -> 668
A69: 0.85 | B69: War War Tun | G69: =C69-F69 -> 0 | H69: =D69/G69 -> #DIV/0! | J69: =M49 -> 360 | K69: =(G69*I69)+J69 -> 360 | M69: =K69-L69 -> 360
A70: 0.93 | B70: Ma Ni Sander | G70: =C70-F70 -> 0 | H70: =D70/G70 -> #DIV/0! | J70: =M50 -> -275 | K70: =(G70*I70)+J70 -> -275 | M70: =K70-L70 -> -275
A71: 0.96 | B71: Khin May Sann | G71: =C71-F71 -> 0 | H71: =D71/G71 -> #DIV/0! | J71: =M51 -> 7 | K71: =(G71*I71)+J71 -> 7 | M71: =K71-L71 -> 7
A72: 0.815 | B72: Naing Naing Win | G72: =C72-F72 -> 0 | H72: =D72/G72 -> #DIV/0! | J72: =M52 -> 649 | K72: =(G72*I72)+J72 -> 649 | M72: =K72-L72 -> 649
G73: =C73-F73 -> 0 | H73: =D73/G73 -> #DIV/0! | J73: =M53 -> 0 | K73: =(G73*I73)+J73 -> 0 | M73: =K73-L73 -> 0
G74: =C74-F74 -> 0 | H74: =D74/G74 -> #DIV/0! | J74: =M54 -> 0 | K74: =(G74*I74)+J74 -> 0 | M74: =K74-L74 -> 0
G75: =C75-F75 -> 0 | H75: =D75/G75 -> #DIV/0! | J75: =M55 -> 0 | K75: =(G75*I75)+J75 -> 0 | M75: =K75-L75 -> 0
G76: =C76-F76 -> 0 | H76: =D76/G76 -> #DIV/0! | J76: =M56 -> 0 | K76: =(G76*I76)+J76 -> 0 | M76: =K76-L76 -> 0
G77: =C77-F77 -> 0 | H77: =D77/G77 -> #DIV/0! | J77: =M57 -> 0 | K77: =(G77*I77)+J77 -> 0 | M77: =K77-L77 -> 0
B78: Khin Win | G78: =C78-F78 -> 0 | H78: =D78/G78 -> #DIV/0! | J78: =M58 -> 80600 | K78: =(G78*I78)+J78 -> 80600 | M78: =K78-L78 -> 80600
A79: Temporary | G79: =C79-F79 -> 0 | H79: =D79/G79 -> #DIV/0! | J79: =M59 -> 0 | K79: =(G79*I79)+J79 -> 0 | M79: =K79-L79 -> 0
D80: Total | E80: =SUM(E63:E79) -> 0 | K80: Total Paid | L80: =SUM(L63:L79) -> 0
A81: Date
B82: Names | C82: Amount Taken | D82: Alone plus Awar Lone Amount Gotten | E82: Grade 1 ( Aphyu Lone) Gotten | F82: Rotten | G82: Total Amount Gotten | H82: Percent % | I82: Price Rates | J82: Change From Previous Day | K82: Payroll Amount | L82: Amount Paid | M82: Change for Next Day
B83: Khin Thet Cho | G83: =C83-F83 -> 0 | H83: =D83/G83 -> #DIV/0! | J83: =M63 -> 367.5 | K83: =(G83*I83)+J83 -> 367.5 | M83: =K83-L83 -> 367.5
A84: 1.07 | B84: Nu Nu Win | G84: =C84-F84 -> 0 | H84: =D84/G84 -> #DIV/0! | J84: =M64 -> 85684 | K84: =(G84*I84)+J84 -> 85684 | M84: =K84-L84 -> 85684
A85: 0.96 | B85: Mi Tayy | G85: =C85-F85 -> 0 | H85: =D85/G85 -> #DIV/0! | J85: =M65 -> 72253 | K85: =(G85*I85)+J85 -> 72253 | M85: =K85-L85 -> 72253
A86: 0.865 | B86: Kaung Khant | G86: =C86-F86 -> 0 | H86: =D86/G86 -> #DIV/0! | J86: =M66 -> 720 | K86: =(G86*I86)+J86 -> 720 | M86: =K86-L86 -> 720
A87: 0.885 | B87: Than Cho | G87: =C87-F87 -> 0 | H87: =D87/G87 -> #DIV/0! | J87: =M67 -> 81 | K87: =(G87*I87)+J87 -> 81 | M87: =K87-L87 -> 81
B88: Thel Thel | G88: =C88-F88 -> 0 | H88: =D88/G88 -> #DIV/0! | J88: =M68 -> 668 | K88: =(G88*I88)+J88 -> 668 | M88: =K88-L88 -> 668
A89: 0.85 | B89: War War Tun | G89: =C89-F89 -> 0 | H89: =D89/G89 -> #DIV/0! | J89: =M69 -> 360 | K89: =(G89*I89)+J89 -> 360 | M89: =K89-L89 -> 360
A90: 0.93 | B90: Ma Ni Sander | G90: =C90-F90 -> 0 | H90: =D90/G90 -> #DIV/0! | J90: =M70 -> -275 | K90: =(G90*I90)+J90 -> -275 | M90: =K90-L90 -> -275
A91: 0.96 | B91: Khin May Sann | G91: =C91-F91 -> 0 | H91: =D91/G91 -> #DIV/0! | J91: =M71 -> 7 | K91: =(G91*I91)+J91 -> 7 | M91: =K91-L91 -> 7
A92: 0.815 | B92: Naing Naing Win | G92: =C92-F92 -> 0 | H92: =D92/G92 -> #DIV/0! | J92: =M72 -> 649 | K92: =(G92*I92)+J92 -> 649 | M92: =K92-L92 -> 649
G93: =C93-F93 -> 0 | H93: =D93/G93 -> #DIV/0! | J93: =M73 -> 0 | K93: =(G93*I93)+J93 -> 0 | M93: =K93-L93 -> 0
G94: =C94-F94 -> 0 | H94: =D94/G94 -> #DIV/0! | J94: =M74 -> 0 | K94: =(G94*I94)+J94 -> 0 | M94: =K94-L94 -> 0
G95: =C95-F95 -> 0 | H95: =D95/G95 -> #DIV/0! | J95: =M75 -> 0 | K95: =(G95*I95)+J95 -> 0 | M95: =K95-L95 -> 0
G96: =C96-F96 -> 0 | H96: =D96/G96 -> #DIV/0! | J96: =M76 -> 0 | K96: =(G96*I96)+J96 -> 0 | M96: =K96-L96 -> 0
G97: =C97-F97 -> 0 | H97: =D97/G97 -> #DIV/0! | J97: =M77 -> 0 | K97: =(G97*I97)+J97 -> 0 | M97: =K97-L97 -> 0
B98: Khin Win | G98: =C98-F98 -> 0 | H98: =D98/G98 -> #DIV/0! | J98: =M78 -> 80600 | K98: =(G98*I98)+J98 -> 80600 | M98: =K98-L98 -> 80600
A99: Temporary | G99: =C99-F99 -> 0 | H99: =D99/G99 -> #DIV/0! | J99: =M79 -> 0 | K99: =(G99*I99)+J99 -> 0 | M99: =K99-L99 -> 0
D100: Total | E100: =SUM(E83:E99) -> 0 | K100: Total Paid | L100: =SUM(L83:L99) -> 0
...

Sheet 4th Week
A1: Date
B2: Names | C2: Amount Taken | D2: Alone plus Awar Lone Amount Gotten | E2: Grade 1 ( Aphyu Lone) Gotten | F2: Rotten | G2: Total Amount Gotten | H2: Percent % | I2: Price Rates | J2: Change From Previous Day | K2: Payroll Amount | L2: Amount Paid | M2: Change for Next Day
B3: Khin Thet Cho | G3: =C3-F3 -> 0 | H3: =D3/G3 -> #DIV/0! | J3: ='3rd Week'!M123 -> 367.5 | K3: =(G3*I3)+J3 -> 367.5 | M3: =K3-L3 -> 367.5
A4: 1.07 | B4: Nu Nu Win | G4: =C4-F4 -> 0 | H4: =D4/G4 -> #DIV/0! | J4: ='3rd Week'!M124 -> 85684 | K4: =(G4*I4)+J4 -> 85684 | M4: =K4-L4 -> 85684
A5: 0.96 | B5: Mi Tayy | G5: =C5-F5 -> 0 | H5: =D5/G5 -> #DIV/0! | J5: ='3rd Week'!M125 -> 72253 | K5: =(G5*I5)+J5 -> 72253 | M5: =K5-L5 -> 72253
A6: 0.865 | B6: Kaung Khant | G6: =C6-F6 -> 0 | H6: =D6/G6 -> #DIV/0! | J6: ='3rd Week'!M126 -> 720 | K6: =(G6*I6)+J6 -> 720 | M6: =K6-L6 -> 720
A7: 0.885 | B7: Than Cho | G7: =C7-F7 -> 0 | H7: =D7/G7 -> #DIV/0! | J7: ='3rd Week'!M127 -> 81 | K7: =(G7*I7)+J7 -> 81 | M7: =K7-L7 -> 81
B8: Thel Thel | G8: =C8-F8 -> 0 | H8: =D8/G8 -> #DIV/0! | J8: ='3rd Week'!M128 -> 668 | K8: =(G8*I8)+J8 -> 668 | M8: =K8-L8 -> 668
A9: 0.85 | B9: War War Tun | G9: =C9-F9 -> 0 | H9: =D9/G9 -> #DIV/0! | J9: ='3rd Week'!M129 -> 360 | K9: =(G9*I9)+J9 -> 360 | M9: =K9-L9 -> 360
A10: 0.93 | B10: Ma Ni Sander | G10: =C10-F10 -> 0 | H10: =D10/G10 -> #DIV/0! | J10: ='3rd Week'!M130 -> -275 | K10: =(G10*I10)+J10 -> -275 | M10: =K10-L10 -> -275
A11: 0.96 | B11: Khin May Sann | G11: =C11-F11 -> 0 | H11: =D11/G11 -> #DIV/0! | J11: ='3rd Week'!M131 -> 7 | K11: =(G11*I11)+J11 -> 7 | M11: =K11-L11 -> 7
A12: 0.815 | B12: Naing Naing Win | G12: =C12-F12 -> 0 | H12: =D12/G12 -> #DIV/0! | J12: ='3rd Week'!M132 -> 649 | K12: =(G12*I12)+J12 -> 649 | M12: =K12-L12 -> 649
G13: =C13-F13 -> 0 | H13: =D13/G13 -> #DIV/0! | J13: ='3rd Week'!M133 -> 0 | K13: =(G13*I13)+J13 -> 0 | M13: =K13-L13 -> 0
G14: =C14-F14 -> 0 | H14: =D14/G14 -> #DIV/0! | J14: ='3rd Week'!M134 -> 0 | K14: =(G14*I14)+J14 -> 0 | M14: =K14-L14 -> 0
G15: =C15-F15 -> 0 | H15: =D15/G15 -> #DIV/0! | J15: ='3rd Week'!M135 -> 0 | K15: =(G15*I15)+J15 -> 0 | M15: =K15-L15 -> 0
G16: =C16-F16 -> 0 | H16: =D16/G16 -> #DIV/0! | J16: ='3rd Week'!M136 -> 0 | K16: =(G16*I16)+J16 -> 0 | M16: =K16-L16 -> 0
G17: =C17-F17 -> 0 | H17: =D17/G17 -> #DIV/0! | J17: ='3rd Week'!M137 -> 0 | K17: =(G17*I17)+J17 -> 0 | M17: =K17-L17 -> 0
B18: Khin Win | G18: =C18-F18 -> 0 | H18: =D18/G18 -> #DIV/0! | J18: ='3rd Week'!M138 -> 80600 | K18: =(G18*I18)+J18 -> 80600 | M18: =K18-L18 -> 80600
A19: Temporary | G19: =C19-F19 -> 0 | H19: =D19/G19 -> #DIV/0! | J19: ='3rd Week'!M139 -> 0 | K19: =(G19*I19)+J19 -> 0 | M19: =K19-L19 -> 0
D20: Total | E20: =SUM(E3:E19) -> 0 | K20: Total Paid | L20: =SUM(L3:L19) -> 0
A21: Date
B22: Names | C22: Amount Taken | D22: Alone plus Awar Lone Amount Gotten | E22: Grade 1 ( Aphyu Lone) Gotten | F22: Rotten | G22: Total Amount Gotten | H22: Percent % | I22: Price Rates | J22: Change From Previous Day | K22: Payroll Amount | L22: Amount Paid | M22: Change for Next Day
B23: Khin Thet Cho | G23: =C23-F23 -> 0 | H23: =D23/G23 -> #DIV/0! | J23: =M3 -> 367.5 | K23: =(G23*I23)+J23 -> 367.5 | M23: =K23-L23 -> 367.5
A24: 1.07 | B24: Nu Nu Win | G24: =C24-F24 -> 0 | H24: =D24/G24 -> #DIV/0! | J24: =M4 -> 85684 | K24: =(G24*I24)+J24 -> 85684 | M24: =K24-L24 -> 85684
A25: 0.96 | B25: Mi Tayy | G25: =C25-F25 -> 0 | H25: =D25/G25 -> #DIV/0! | J25: =M5 -> 72253 | K25: =(G25*I25)+J25 -> 72253 | M25: =K25-L25 -> 72253
A26: 0.865 | B26: Kaung Khant | G26: =C26-F26 -> 0 | H26: =D26/G26 -> #DIV/0! | J26: =M6 -> 720 | K26: =(G26*I26)+J26 -> 720 | M26: =K26-L26 -> 720
A27: 0.885 | B27: Than Cho | G27: =C27-F27 -> 0 | H27: =D27/G27 -> #DIV/0! | J27: =M7 -> 81 | K27: =(G27*I27)+J27 -> 81 | M27: =K27-L27 -> 81
B28: Thel Thel | G28: =C28-F28 -> 0 | H28: =D28/G28 -> #DIV/0! | J28: =M8 -> 668 | K28: =(G28*I28)+J28 -> 668 | M28: =K28-L28 -> 668
A29: 0.85 | B29: War War Tun | G29: =C29-F29 -> 0 | H29: =D29/G29 -> #DIV/0! | J29: =M9 -> 360 | K29: =(G29*I29)+J29 -> 360 | M29: =K29-L29 -> 360
A30: 0.93 | B30: Ma Ni Sander | G30: =C30-F30 -> 0 | H30: =D30/G30 -> #DIV/0! | J30: =M10 -> -275 | K30: =(G30*I30)+J30 -> -275 | M30: =K30-L30 -> -275
A31: 0.96 | B31: Khin May Sann | G31: =C31-F31 -> 0 | H31: =D31/G31 -> #DIV/0! | J31: =M11 -> 7 | K31: =(G31*I31)+J31 -> 7 | M31: =K31-L31 -> 7
A32: 0.815 | B32: Naing Naing Win | G32: =C32-F32 -> 0 | H32: =D32/G32 -> #DIV/0! | J32: =M12 -> 649 | K32: =(G32*I32)+J32 -> 649 | M32: =K32-L32 -> 649
G33: =C33-F33 -> 0 | H33: =D33/G33 -> #DIV/0! | J33: =M13 -> 0 | K33: =(G33*I33)+J33 -> 0 | M33: =K33-L33 -> 0
G34: =C34-F34 -> 0 | H34: =D34/G34 -> #DIV/0! | J34: =M14 -> 0 | K34: =(G34*I34)+J34 -> 0 | M34: =K34-L34 -> 0
G35: =C35-F35 -> 0 | H35: =D35/G35 -> #DIV/0! | J35: =M15 -> 0 | K35: =(G35*I35)+J35 -> 0 | M35: =K35-L35 -> 0
G36: =C36-F36 -> 0 | H36: =D36/G36 -> #DIV/0! | J36: =M16 -> 0 | K36: =(G36*I36)+J36 -> 0 | M36: =K36-L36 -> 0
G37: =C37-F37 -> 0 | H37: =D37/G37 -> #DIV/0! | J37: =M17 -> 0 | K37: =(G37*I37)+J37 -> 0 | M37: =K37-L37 -> 0
B38: Khin Win | G38: =C38-F38 -> 0 | H38: =D38/G38 -> #DIV/0! | J38: =M18 -> 80600 | K38: =(G38*I38)+J38 -> 80600 | M38: =K38-L38 -> 80600
A39: Temporary | G39: =C39-F39 -> 0 | H39: =D39/G39 -> #DIV/0! | J39: =M19 -> 0 | K39: =(G39*I39)+J39 -> 0 | M39: =K39-L39 -> 0
D40: Total | E40: =SUM(E23:E39) -> 0 | K40: Total Paid | L40: =SUM(L23:L39) -> 0
A41: Date
B42: Names | C42: Amount Taken | D42: Alone plus Awar Lone Amount Gotten | E42: Grade 1 ( Aphyu Lone) Gotten | F42: Rotten | G42: Total Amount Gotten | H42: Percent % | I42: Price Rates | J42: Change From Previous Day | K42: Payroll Amount | L42: Amount Paid | M42: Change for Next Day
B43: Khin Thet Cho | G43: =C43-F43 -> 0 | H43: =D43/G43 -> #DIV/0! | J43: =M23 -> 367.5 | K43: =(G43*I43)+J43 -> 367.5 | M43: =K43-L43 -> 367.5
A44: 1.07 | B44: Nu Nu Win | G44: =C44-F44 -> 0 | H44: =D44/G44 -> #DIV/0! | J44: =M24 -> 85684 | K44: =(G44*I44)+J44 -> 85684 | M44: =K44-L44 -> 85684
A45: 0.96 | B45: Mi Tayy | G45: =C45-F45 -> 0 | H45: =D45/G45 -> #DIV/0! | J45: =M25 -> 72253 | K45: =(G45*I45)+J45 -> 72253 | M45: =K45-L45 -> 72253
A46: 0.865 | B46: Kaung Khant | G46: =C46-F46 -> 0 | H46: =D46/G46 -> #DIV/0! | J46: =M26 -> 720 | K46: =(G46*I46)+J46 -> 720 | M46: =K46-L46 -> 720
A47: 0.885 | B47: Than Cho | G47: =C47-F47 -> 0 | H47: =D47/G47 -> #DIV/0! | J47: =M27 -> 81 | K47: =(G47*I47)+J47 -> 81 | M47: =K47-L47 -> 81
B48: Thel Thel | G48: =C48-F48 -> 0 | H48: =D48/G48 -> #DIV/0! | J48: =M28 -> 668 | K48: =(G48*I48)+J48 -> 668 | M48: =K48-L48 -> 668
A49: 0.85 | B49: War War Tun | G49: =C49-F49 -> 0 | H49: =D49/G49 -> #DIV/0! | J49: =M29 -> 360 | K49: =(G49*I49)+J49 -> 360 | M49: =K49-L49 -> 360
A50: 0.93 | B50: Ma Ni Sander | G50: =C50-F50 -> 0 | H50: =D50/G50 -> #DIV/0! | J50: =M30 -> -275 | K50: =(G50*I50)+J50 -> -275 | M50: =K50-L50 -> -275
A51: 0.96 | B51: Khin May Sann | G51: =C51-F51 -> 0 | H51: =D51/G51 -> #DIV/0! | J51: =M31 -> 7 | K51: =(G51*I51)+J51 -> 7 | M51: =K51-L51 -> 7
A52: 0.815 | B52: Naing Naing Win | G52: =C52-F52 -> 0 | H52: =D52/G52 -> #DIV/0! | J52: =M32 -> 649 | K52: =(G52*I52)+J52 -> 649 | M52: =K52-L52 -> 649
G53: =C53-F53 -> 0 | H53: =D53/G53 -> #DIV/0! | J53: =M33 -> 0 | K53: =(G53*I53)+J53 -> 0 | M53: =K53-L53 -> 0
G54: =C54-F54 -> 0 | H54: =D54/G54 -> #DIV/0! | J54: =M34 -> 0 | K54: =(G54*I54)+J54 -> 0 | M54: =K54-L54 -> 0
G55: =C55-F55 -> 0 | H55: =D55/G55 -> #DIV/0! | J55: =M35 -> 0 | K55: =(G55*I55)+J55 -> 0 | M55: =K55-L55 -> 0
G56: =C56-F56 -> 0 | H56: =D56/G56 -> #DIV/0! | J56: =M36 -> 0 | K56: =(G56*I56)+J56 -> 0 | M56: =K56-L56 -> 0
G57: =C57-F57 -> 0 | H57: =D57/G57 -> #DIV/0! | J57: =M37 -> 0 | K57: =(G57*I57)+J57 -> 0 | M57: =K57-L57 -> 0
B58: Khin Win | G58: =C58-F58 -> 0 | H58: =D58/G58 -> #DIV/0! | J58: =M38 -> 80600 | K58: =(G58*I58)+J58 -> 80600 | M58: =K58-L58 -> 80600
A59: Temporary | G59: =C59-F59 -> 0 | H59: =D59/G59 -> #DIV/0! | J59: =M39 -> 0 | K59: =(G59*I59)+J59 -> 0 | M59: =K59-L59 -> 0
D60: Total | E60: =SUM(E43:E59) -> 0 | K60: Total Paid | L60: =SUM(L43:L59) -> 0
A61: Date
B62: Names | C62: Amount Taken | D62: Alone plus Awar Lone Amount Gotten | E62: Grade 1 ( Aphyu Lone) Gotten | F62: Rotten | G62: Total Amount Gotten | H62: Percent % | I62: Price Rates | J62: Change From Previous Day | K62: Payroll Amount | L62: Amount Paid | M62: Change for Next Day
B63: Khin Thet Cho | G63: =C63-F63 -> 0 | H63: =D63/G63 -> #DIV/0! | J63: =M43 -> 367.5 | K63: =(G63*I63)+J63 -> 367.5 | M63: =K63-L63 -> 367.5
A64: 1.07 | B64: Nu Nu Win | G64: =C64-F64 -> 0 | H64: =D64/G64 -> #DIV/0! | J64: =M44 -> 85684 | K64: =(G64*I64)+J64 -> 85684 | M64: =K64-L64 -> 85684
A65: 0.96 | B65: Mi Tayy | G65: =C65-F65 -> 0 | H65: =D65/G65 -> #DIV/0! | J65: =M45 -> 72253 | K65: =(G65*I65)+J65 -> 72253 | M65: =K65-L65 -> 72253
A66: 0.865 | B66: Kaung Khant | G66: =C66-F66 -> 0 | H66: =D66/G66 -> #DIV/0! | J66: =M46 -> 720 | K66: =(G66*I66)+J66 -> 720 | M66: =K66-L66 -> 720
A67: 0.885 | B67: Than Cho | G67: =C67-F67 -> 0 | H67: =D67/G67 -> #DIV/0! | J67: =M47 -> 81 | K67: =(G67*I67)+J67 -> 81 | M67: =K67-L67 -> 81
B68: Thel Thel | G68: =C68-F68 -> 0 | H68: =D68/G68 -> #DIV/0! | J68: =M48 -> 668 | K68: =(G68*I68)+J68 -> 668 | M68: =K68-L68 -> 668
A69: 0.85 | B69: War War Tun | G69: =C69-F69 -> 0 | H69: =D69/G69 -> #DIV/0! | J69: =M49 -> 360 | K69: =(G69*I69)+J69 -> 360 | M69: =K69-L69 -> 360
A70: 0.93 | B70: Ma Ni Sander | G70: =C70-F70 -> 0 | H70: =D70/G70 -> #DIV/0! | J70: =M50 -> -275 | K70: =(G70*I70)+J70 -> -275 | M70: =K70-L70 -> -275
A71: 0.96 | B71: Khin May Sann | G71: =C71-F71 -> 0 | H71: =D71/G71 -> #DIV/0! | J71: =M51 -> 7 | K71: =(G71*I71)+J71 -> 7 | M71: =K71-L71 -> 7
A72: 0.815 | B72: Naing Naing Win | G72: =C72-F72 -> 0 | H72: =D72/G72 -> #DIV/0! | J72: =M52 -> 649 | K72: =(G72*I72)+J72 -> 649 | M72: =K72-L72 -> 649
G73: =C73-F73 -> 0 | H73: =D73/G73 -> #DIV/0! | J73: =M53 -> 0 | K73: =(G73*I73)+J73 -> 0 | M73: =K73-L73 -> 0
G74: =C74-F74 -> 0 | H74: =D74/G74 -> #DIV/0! | J74: =M54 -> 0 | K74: =(G74*I74)+J74 -> 0 | M74: =K74-L74 -> 0
G75: =C75-F75 -> 0 | H75: =D75/G75 -> #DIV/0! | J75: =M55 -> 0 | K75: =(G75*I75)+J75 -> 0 | M75: =K75-L75 -> 0
G76: =C76-F76 -> 0 | H76: =D76/G76 -> #DIV/0! | J76: =M56 -> 0 | K76: =(G76*I76)+J76 -> 0 | M76: =K76-L76 -> 0
G77: =C77-F77 -> 0 | H77: =D77/G77 -> #DIV/0! | J77: =M57 -> 0 | K77: =(G77*I77)+J77 -> 0 | M77: =K77-L77 -> 0
B78: Khin Win | G78: =C78-F78 -> 0 | H78: =D78/G78 -> #DIV/0! | J78: =M58 -> 80600 | K78: =(G78*I78)+J78 -> 80600 | M78: =K78-L78 -> 80600
A79: Temporary | G79: =C79-F79 -> 0 | H79: =D79/G79 -> #DIV/0! | J79: =M59 -> 0 | K79: =(G79*I79)+J79 -> 0 | M79: =K79-L79 -> 0
D80: Total | E80: =SUM(E63:E79) -> 0 | K80: Total Paid | L80: =SUM(L63:L79) -> 0
A81: Date
B82: Names | C82: Amount Taken | D82: Alone plus Awar Lone Amount Gotten | E82: Grade 1 ( Aphyu Lone) Gotten | F82: Rotten | G82: Total Amount Gotten | H82: Percent % | I82: Price Rates | J82: Change From Previous Day | K82: Payroll Amount | L82: Amount Paid | M82: Change for Next Day
B83: Khin Thet Cho | G83: =C83-F83 -> 0 | H83: =D83/G83 -> #DIV/0! | J83: =M63 -> 367.5 | K83: =(G83*I83)+J83 -> 367.5 | M83: =K83-L83 -> 367.5
A84: 1.07 | B84: Nu Nu Win | G84: =C84-F84 -> 0 | H84: =D84/G84 -> #DIV/0! | J84: =M64 -> 85684 | K84: =(G84*I84)+J84 -> 85684 | M84: =K84-L84 -> 85684
A85: 0.96 | B85: Mi Tayy | G85: =C85-F85 -> 0 | H85: =D85/G85 -> #DIV/0! | J85: =M65 -> 72253 | K85: =(G85*I85)+J85 -> 72253 | M85: =K85-L85 -> 72253
A86: 0.865 | B86: Kaung Khant | G86: =C86-F86 -> 0 | H86: =D86/G86 -> #DIV/0! | J86: =M66 -> 720 | K86: =(G86*I86)+J86 -> 720 | M86: =K86-L86 -> 720
A87: 0.885 | B87: Than Cho | G87: =C87-F87 -> 0 | H87: =D87/G87 -> #DIV/0! | J87: =M67 -> 81 | K87: =(G87*I87)+J87 -> 81 | M87: =K87-L87 -> 81
B88: Thel Thel | G88: =C88-F88 -> 0 | H88: =D88/G88 -> #DIV/0! | J88: =M68 -> 668 | K88: =(G88*I88)+J88 -> 668 | M88: =K88-L88 -> 668
A89: 0.85 | B89: War War Tun | G89: =C89-F89 -> 0 | H89: =D89/G89 -> #DIV/0! | J89: =M69 -> 360 | K89: =(G89*I89)+J89 -> 360 | M89: =K89-L89 -> 360
A90: 0.93 | B90: Ma Ni Sander | G90: =C90-F90 -> 0 | H90: =D90/G90 -> #DIV/0! | J90: =M70 -> -275 | K90: =(G90*I90)+J90 -> -275 | M90: =K90-L90 -> -275
A91: 0.96 | B91: Khin May Sann | G91: =C91-F91 -> 0 | H91: =D91/G91 -> #DIV/0! | J91: =M71 -> 7 | K91: =(G91*I91)+J91 -> 7 | M91: =K91-L91 -> 7
A92: 0.815 | B92: Naing Naing Win | G92: =C92-F92 -> 0 | H92: =D92/G92 -> #DIV/0! | J92: =M72 -> 649 | K92: =(G92*I92)+J92 -> 649 | M92: =K92-L92 -> 649
G93: =C93-F93 -> 0 | H93: =D93/G93 -> #DIV/0! | J93: =M73 -> 0 | K93: =(G93*I93)+J93 -> 0 | M93: =K93-L93 -> 0
G94: =C94-F94 -> 0 | H94: =D94/G94 -> #DIV/0! | J94: =M74 -> 0 | K94: =(G94*I94)+J94 -> 0 | M94: =K94-L94 -> 0
G95: =C95-F95 -> 0 | H95: =D95/G95 -> #DIV/0! | J95: =M75 -> 0 | K95: =(G95*I95)+J95 -> 0 | M95: =K95-L95 -> 0
G96: =C96-F96 -> 0 | H96: =D96/G96 -> #DIV/0! | J96: =M76 -> 0 | K96: =(G96*I96)+J96 -> 0 | M96: =K96-L96 -> 0
G97: =C97-F97 -> 0 | H97: =D97/G97 -> #DIV/0! | J97: =M77 -> 0 | K97: =(G97*I97)+J97 -> 0 | M97: =K97-L97 -> 0
B98: Khin Win | G98: =C98-F98 -> 0 | H98: =D98/G98 -> #DIV/0! | J98: =M78 -> 80600 | K98: =(G98*I98)+J98 -> 80600 | M98: =K98-L98 -> 80600
A99: Temporary | G99: =C99-F99 -> 0 | H99: =D99/G99 -> #DIV/0! | J99: =M79 -> 0 | K99: =(G99*I99)+J99 -> 0 | M99: =K99-L99 -> 0
D100: Total | E100: =SUM(E83:E99) -> 0 | K100: Total Paid | L100: =SUM(L83:L99) -> 0
...
